Hotel Name,City,Address,address line2,Address line3,,Address line4,,address 4,,Addres full
Matiat Hotel Istanbul,Istanbul,Langa Hisari Street, No:19, Fatih,, 34096 Istanbul,, Turkey,+90 212 638 10 10,address line2 Address line3 Address line4 address 4 
Atro Hotel Istanbul,Istanbul,Aksaray Mah. Cerrahpasa Cad. No:23, Fatih, 34096 Istanbul,, Turkey,,+90 212 638 06 06,, No:19  Fatih  34096 Istanbul  Turkey +90 212 638 10 10
Birbey Otel Istanbul,Istanbul,Cakiraga Mah. Manastirli Rifat Sok. No:25, Aksaray, 34000 Istanbul,, Turkey,,+90 212 638 11 00,, Fatih  34096 Istanbul  Turkey +90 212 638 06 06 
Grand Emin Istanbul,Istanbul,Emin Sinan Mah. Piyer Loti Cad. No: 9, 34126 Istanbul, Turkey,,+90 212 519 28 28,,,, Aksaray  34000 Istanbul  Turkey +90 212 638 11 00 
Dora Hotel Istanbul,Istanbul,Fevziye Sk. No:22, Sehzadebasi/Fatih, 34470 Istanbul,, Turkey,,+90 212 528 50 70,, 34126 Istanbul  Turkey +90 212 519 28 28  
New Emin Hotel Istanbul,Istanbul,Emin Sinan Mah. Emin Sinan Hamam Sok. No:6, 34126 Istanbul, Turkey,,+90 212 517 24 24,,,, Sehzadebasi/Fatih  34470 Istanbul  Turkey +90 212 528 50 70 
Fidan City Hotel Istanbul,Istanbul,Kalyoncukulluk Mah. Simitci Sok. No:14, 34435 Istanbul, Turkey,,+90 212 527 67 67,,,, 34126 Istanbul  Turkey +90 212 517 24 24  
Mineo Hotel Taksim Istanbul,Istanbul,Feridiye Cd. Farabi Sk. No:6, Taksim, 34340 Istanbul,, Turkey,,+90 212 361 10 00,, 34435 Istanbul  Turkey +90 212 527 67 67  
Arts Hotel Istanbul,Istanbul,Kocatepe Mah. Topçu Cad. No:2, Taksim, 34437 Istanbul,, Turkey,,+90 212 361 33 33,, Taksim  34340 Istanbul  Turkey +90 212 361 10 00 
Taxim Express Istanbul,Istanbul,Gümüşsuyu Mah. Mete Cad. No:34, Taksim, 34437 Istanbul,, Turkey,,+90 212 297 00 00,, Taksim  34437 Istanbul  Turkey +90 212 361 33 33 
The Green Park Taksim Istanbul,Istanbul,Gümüşsuyu Mah. Sıraselviler Cd. No:11, 34437 Istanbul, Turkey,,+90 212 297 60 00,,,, Taksim  34437 Istanbul  Turkey +90 212 297 00 00 
Seminal Hotel Istanbul,Istanbul,Kocatepe Mah. Topçu Cad. No:9-11, Taksim, 34437 Istanbul,, Turkey,,+90 212 361 03 00,, 34437 Istanbul  Turkey +90 212 297 60 00  
Bekdas Hotel Deluxe & Spa Istanbul,Istanbul,Inönü Mah. Elmadag Cad. No:64, Sisli, 34381 Istanbul,, Turkey,,+90 212 231 47 47,, Taksim  34437 Istanbul  Turkey +90 212 361 03 00 
Holiday Inn Istanbul City by IHG,Istanbul,Turgut Ozal Millet Cad. No:82, Findikzade, 34093 Istanbul,, Turkey,,+90 212 413 07 00,, Sisli  34381 Istanbul  Turkey +90 212 231 47 47 
Crowne Plaza Istanbul,Istanbul,Kocatepe Mah. Abdulhak Hamit Cd. No:15, Taksim, 34437 Istanbul,, Turkey,,+90 212 313 40 00,, Findikzade  34093 Istanbul  Turkey +90 212 413 07 00 
Nova Plaza Crystal Hotel Istanbul,Istanbul,Gümüşsuyu Mah. Osmanlı Sk. 1/B, 34437 Istanbul, Turkey,,+90 212 297 99 99,,,, Taksim  34437 Istanbul  Turkey +90 212 313 40 00 
Grand Hotel Gulsoy,Istanbul,Evren Mah. Cami Yolu Cad. No:1A, Gunesli, 34212 Istanbul,, Turkey,,+90 212 657 00 00,, 34437 Istanbul  Turkey +90 212 297 99 99  
Glorious Hotel İstanbul,Istanbul,Alemdar Mah. Catal Cesme Sk. No:8, Sultanahmet, 34110 Istanbul,, Turkey,,+90 212 511 71 71,, Gunesli  34212 Istanbul  Turkey +90 212 657 00 00 
Celal Sultan Hotel Special Class Istanbul,Istanbul,Yerebatan Cad. No:1, Sultanahmet, 34400 Istanbul,, Turkey,,+90 212 520 01 20,, Sultanahmet  34110 Istanbul  Turkey +90 212 511 71 71 
Hotel Sultanahmet Istanbul,Istanbul,Binbirdirek Mah. Terzihane Sok. No:17, Sultanahmet, 34122 Istanbul,, Turkey,,+90 212 638 02 80,, Sultanahmet  34400 Istanbul  Turkey +90 212 520 01 20 
Golden Age Hotel Istanbul,Istanbul,Ergenekon Mah. Halaskargazi Cad. No:39, Harbiye, 34381 Istanbul,, Turkey,,+90 212 225 00 00,, Sultanahmet  34122 Istanbul  Turkey +90 212 638 02 80 
Elite World Comfy İstanbul Taksim,Istanbul,Sehit Muhtar Mah. Tarlabasi Bulv. No:36, Taksim, 34435 Istanbul,, Turkey,,+90 212 297 00 50,, Harbiye  34381 Istanbul  Turkey +90 212 225 00 00 
Golden Park Hotel Taksim Istanbul,Istanbul,Topçu Cad. No:6, Talimhane, Taksim,, 34437 Istanbul,, Turkey,+90 212 254 55 00, Taksim  34435 Istanbul  Turkey +90 212 297 00 50 
Avantgarde Urban Hotel Taksim Istanbul,Istanbul,Gümüşsuyu Mah. Sıraselviler Cd. No:15, Taksim, 34437 Istanbul,, Turkey,,+90 212 297 00 00,, Talimhane  Taksim  34437 Istanbul  Turkey +90 212 254 55 00
Hotel Lamartine Istanbul,Istanbul,Cihangir Mah. Kazancı Yokuşu No:12, Taksim, 34433 Istanbul,, Turkey,,+90 212 245 41 67,, Taksim  34437 Istanbul  Turkey +90 212 297 00 00 
Istanbul Gonen Hotel,Istanbul,Kaynarca Mah. Erol Kaya Cad. No:202, Pendik, 34890 Istanbul,, Turkey,,+90 216 488 00 00,, Taksim  34433 Istanbul  Turkey +90 212 245 41 67 
The Parma Hotel & Spa Taksim Istanbul,Istanbul,Gümüşsuyu Mah. İnönü Cad. No:26, Taksim, 34437 Istanbul,, Turkey,,+90 212 297 06 06,, Pendik  34890 Istanbul  Turkey +90 216 488 00 00 
Askoç Hotel Istanbul,Istanbul,Hudavendigar Cad. Serdar Sk. No:1, Sirkeci, 34110 Istanbul,, Turkey,,+90 212 528 58 58,, Taksim  34437 Istanbul  Turkey +90 212 297 06 06 
Occidental Taksim Istanbul,Istanbul,Asker Ocagi Cad. No:1, Taksim, 34435 Istanbul,, Turkey,,+90 212 361 66 66,, Sirkeci  34110 Istanbul  Turkey +90 212 528 58 58 
Titanic City Taksim Istanbul,Istanbul,Lamartin Cd. No:47, Taksim, 34437 Istanbul,, Turkey,,+90 212 256 00 60,, Taksim  34435 Istanbul  Turkey +90 212 361 66 66 
Nippon Hotel Istanbul,Istanbul,Topçu Cad. No:6, Talimhane, Taksim,, 34437 Istanbul,, Turkey,+90 212 250 11 99, Taksim  34437 Istanbul  Turkey +90 212 256 00 60 
Point Hotel Taksim Istanbul,Istanbul,Topçu Cad. No:2, Taksim, 34437 Istanbul,, Turkey,,+90 212 256 80 00,, Talimhane  Taksim  34437 Istanbul  Turkey +90 212 250 11 99
Elite World İstanbul Taksim,Istanbul,Lamartin Cd. No:25, Taksim, 34437 Istanbul,, Turkey,,+90 212 313 83 83,, Taksim  34437 Istanbul  Turkey +90 212 256 80 00 
MANESOL GALATA HOTEL Istanbul,Istanbul,Kemankes Karamustafa Mah. Kemankes Cad. No:12-14, 34560 Istanbul, Turkey,,+90 212 292 23 45,,,, Taksim  34437 Istanbul  Turkey +90 212 313 83 83 
Richmond Istanbul,Istanbul,Istiklal Cd. Ipek Sk. No:11, Taksim, 34100 Istanbul,, Turkey,,+90 212 252 54 54,, 34560 Istanbul  Turkey +90 212 292 23 45  
Midtown Hotel Istanbul,Istanbul,Lamartin Cd. No:13, Taksim, 34437 Istanbul,, Turkey,,+90 212 361 66 00,, Taksim  34100 Istanbul  Turkey +90 212 252 54 54 
Radisson Blu Hotel, Istanbul Sisli,Istanbul,Albay Sadi Alantar Sk. No:24-30, Sisli,, 34363 Istanbul,, Turkey,+90 212 230 00 00, Taksim  34437 Istanbul  Turkey +90 212 361 66 00 
Legacy Ottoman Hotel Istanbul,Istanbul,Hoca Pasa Mah. Kum Meydani Sk. No:16, Fatih, 34112 Istanbul,, Turkey,,+90 212 511 90 30,,Albay Sadi Alantar Sk. No:24-30  Sisli  34363 Istanbul  Turkey +90 212 230 00 00
Barcelo Hotel Istanbul,Istanbul,Eskişehir Mah. Dolapdere Cad. No:33, Sisli, 34330 Istanbul,, Turkey,,+90 212 373 70 00,, Fatih  34112 Istanbul  Turkey +90 212 511 90 30 
Radisson Blu Bosphorus Hotel, Istanbul,Istanbul,Ciragan Cad. No:46, Besiktas,, 34349 Istanbul,, Turkey,+90 212 310 15 00, Sisli  34330 Istanbul  Turkey +90 212 373 70 00 
Divan İstanbul,Istanbul,Asker Ocagi Cad. No:1, Taksim, 34435 Istanbul,, Turkey,,+90 212 315 55 00,,Ciragan Cad. No:46  Besiktas  34349 Istanbul  Turkey +90 212 310 15 00
The Marmara Taksim Istanbul,Istanbul,Taksim Meydani, 34437 Istanbul, Turkey,,+90 212 251 46 96,,,, Taksim  34435 Istanbul  Turkey +90 212 315 55 00 
Grand Hyatt Istanbul,Istanbul,Taskisla Cd. No:1, Taksim, 34437 Istanbul,, Turkey,,+90 212 368 12 34,, 34437 Istanbul  Turkey +90 212 251 46 96  
Sofitel İstanbul Taksim,Istanbul,Kocatepe Mah. Abdulhak Hamit Cd. No:17, Taksim, 34437 Istanbul,, Turkey,,+90 212 313 77 77,, Taksim  34437 Istanbul  Turkey +90 212 368 12 34 
JURA LARA RESORT,Antalya,Lara Turizm Yolu, 07110 Lara, Antalya,, Turkey,,+90 242 352 00 00,, Taksim  34437 Istanbul  Turkey +90 212 313 77 77 
WELL PALACE SIDE,Antalya,Side Mahallesi, 07330 Side, Antalya,, Turkey,,+90 242 753 00 00,, 07110 Lara  Antalya  Turkey +90 242 352 00 00 
Adonis Otel,Antalya,Konyaalti Sahil Seridi, 07070 Konyaalti, Antalya,, Turkey,,+90 242 259 30 00,, 07330 Side  Antalya  Turkey +90 242 753 00 00 
BAIA SALIMA KEMER,Kemer,Göynük Mahallesi, Başkomutan Atatürk Cd., 07994 Kemer/Antalya,, Turkey,,+90 242 824 78 00,, 07070 Konyaalti  Antalya  Turkey +90 242 259 30 00 
ARMAS KAPLAN PARADISE,Kemer,Kiriş Mahallesi, Sahil Yolu, 07980 Kemer/Antalya,, Turkey,,+90 242 824 84 84,, Başkomutan Atatürk Cd.  07994 Kemer/Antalya  Turkey +90 242 824 78 00 
Vikingen Infinity Resort,Alanya,Avsallar Mahallesi, 07400 Alanya/Antalya, Turkey,,+90 242 517 00 00,,,, Sahil Yolu  07980 Kemer/Antalya  Turkey +90 242 824 84 84 
Imperial Sunland,Kemer,Göynük Mahallesi, Başkomutan Atatürk Cd., 07994 Kemer/Antalya,, Turkey,,+90 242 815 15 15,, 07400 Alanya/Antalya  Turkey +90 242 517 00 00  
KAYA SIDE,Antalya,Titreyengöl Mevkii, 07600 Side/Antalya, Turkey,,+90 242 756 90 00,,,, Başkomutan Atatürk Cd.  07994 Kemer/Antalya  Turkey +90 242 815 15 15 
Grand Park Lara,Antalya,Lara Turizm Yolu, 07110 Lara, Antalya,, Turkey,,+90 242 352 10 00,, 07600 Side/Antalya  Turkey +90 242 756 90 00  
Amoon Belek,Antalya,Kadriye Mahallesi, Üçgen Cd., 07500 Belek/Antalya,, Turkey,,+90 242 710 00 00,, 07110 Lara  Antalya  Turkey +90 242 352 10 00 
WHITE CITY RESORT,Alanya,Avsallar Mahallesi, 07400 Alanya/Antalya, Turkey,,+90 242 517 17 17,,,, Üçgen Cd.  07500 Belek/Antalya  Turkey +90 242 710 00 00 
EFTALIA AQUA RESORT,Alanya,Avsallar Mahallesi, 07400 Alanya/Antalya, Turkey,,+90 242 517 02 02,,,, 07400 Alanya/Antalya  Turkey +90 242 517 17 17  
Amara Luxury Resort,Kemer,Göynük Mahallesi, Başkomutan Atatürk Cd., 07994 Kemer/Antalya,, Turkey,,+90 242 824 84 84,, 07400 Alanya/Antalya  Turkey +90 242 517 02 02  
MIAROSA KEMER BEACH,Kemer,Kiriş Mahallesi, Sahil Yolu, 07980 Kemer/Antalya,, Turkey,,+90 242 824 83 00,, Başkomutan Atatürk Cd.  07994 Kemer/Antalya  Turkey +90 242 824 84 84 
Ramada Lara,Antalya,Lara Turizm Yolu, 07110 Lara, Antalya,, Turkey,,+90 242 310 30 00,, Sahil Yolu  07980 Kemer/Antalya  Turkey +90 242 824 83 00 
Utopia World Alanya,Alanya,Kestel Mahallesi, 07400 Alanya/Antalya, Turkey,,+90 242 510 20 00,,,, 07110 Lara  Antalya  Turkey +90 242 310 30 00 
ORANGE COUNTY BELEK,Antalya,Kadriye Mahallesi, Üçgen Cd., 07500 Belek/Antalya,, Turkey,,+90 242 725 40 00,, 07400 Alanya/Antalya  Turkey +90 242 510 20 00  
ORANGE COUNTY Alanya,Alanya,Kestel Mahallesi, 07400 Alanya/Antalya, Turkey,,+90 242 510 10 00,,,, Üçgen Cd.  07500 Belek/Antalya  Turkey +90 242 725 40 00 
Crystal Sunset Luxury,Antalya,Konyaalti Sahil Seridi, 07070 Konyaalti, Antalya,, Turkey,,+90 242 229 00 00,, 07400 Alanya/Antalya  Turkey +90 242 510 10 00  
Aydinbey Famous Belek,Antalya,Kadriye Mahallesi, Üçgen Cd., 07500 Belek/Antalya,, Turkey,,+90 242 710 12 34,, 07070 Konyaalti  Antalya  Turkey +90 242 229 00 00 
AQUAWORLD BELEK,Antalya,Kadriye Mahallesi, Üçgen Cd., 07500 Belek/Antalya,, Turkey,,+90 242 710 12 00,, Üçgen Cd.  07500 Belek/Antalya  Turkey +90 242 710 12 34 
Sensetive Resort,Antalya,Lara Turizm Yolu, 07110 Lara, Antalya,, Turkey,,+90 242 352 35 35,, Üçgen Cd.  07500 Belek/Antalya  Turkey +90 242 710 12 00 
IC HOTELS SANTAI FAMILY,Antalya,Kemeragzi Mevkii, 07110 Aksu/Antalya, Turkey,,+90 242 310 24 00,,,, 07110 Lara  Antalya  Turkey +90 242 352 35 35 
Kirman Sidra Luxuxry,Alanya,Avsallar Mahallesi, 07400 Alanya/Antalya, Turkey,,+90 242 517 00 00,,,, 07110 Aksu/Antalya  Turkey +90 242 310 24 00  
Starlight Resort & Convention Center,Antalya,Kizilagac Turizm Merkezi, 07600 Manavgat/Antalya, Turkey,,+90 242 737 72 00,,,, 07400 Alanya/Antalya  Turkey +90 242 517 00 00  
Lykia World,Antalya,Belcegiz Mevkii, Ölüdeniz, 48300 Fethiye/Antalya,, Turkey,,+90 252 617 00 01,, 07600 Manavgat/Antalya  Turkey +90 242 737 72 00  
Crystal Centro Lara,Antalya,Lara Turizm Yolu, 07110 Lara, Antalya,, Turkey,,+90 242 352 22 22,, Ölüdeniz  48300 Fethiye/Antalya  Turkey +90 252 617 00 01 
Selectum Family Resort,Antalya,Kizilagac Turizm Merkezi, 07600 Manavgat/Antalya, Turkey,,+90 242 737 80 00,,,, 07110 Lara  Antalya  Turkey +90 242 352 22 22 
SEVEN SEAS HOTEL BLUE,Antalya,Kizilagac Turizm Merkezi, 07600 Manavgat/Antalya, Turkey,,+90 242 737 90 00,,,, 07600 Manavgat/Antalya  Turkey +90 242 737 80 00  
Kirman Calyptus Luxuxry,Antalya,Kizilagac Turizm Merkezi, 07600 Manavgat/Antalya, Turkey,,+90 242 737 77 77,,,, 07600 Manavgat/Antalya  Turkey +90 242 737 90 00  
PINE BEACH BELEK,Antalya,Kadriye Mahallesi, Üçgen Cd., 07500 Belek/Antalya,, Turkey,,+90 242 710 05 00,, 07600 Manavgat/Antalya  Turkey +90 242 737 77 77  
Sherwood Kemer,Kemer,Kiriş Mahallesi, Sahil Yolu, 07980 Kemer/Antalya,, Turkey,,+90 242 824 88 88,, Üçgen Cd.  07500 Belek/Antalya  Turkey +90 242 710 05 00 
Kirman Leodikya,Alanya,Okurcalar Mahallesi, 07415 Alanya/Antalya, Turkey,,+90 242 527 46 46,,,, Sahil Yolu  07980 Kemer/Antalya  Turkey +90 242 824 88 88 
Kirman Sidemarin,Antalya,Kizilagac Turizm Merkezi, 07600 Manavgat/Antalya, Turkey,,+90 242 737 73 73,,,, 07415 Alanya/Antalya  Turkey +90 242 527 46 46  
LIBERTY LARA,Antalya,Lara Turizm Yolu, 07110 Lara, Antalya,, Turkey,,+90 242 352 10 00,, 07600 Manavgat/Antalya  Turkey +90 242 737 73 73  
KAYA BELEK,Antalya,Kadriye Mahallesi, Üçgen Cd., 07500 Belek/Antalya,, Turkey,,+90 242 710 00 00,, 07110 Lara  Antalya  Turkey +90 242 352 10 00 
Aydinbey Queen's Palace Belek,Antalya,Kadriye Mahallesi, Üçgen Cd., 07500 Belek/Antalya,, Turkey,,+90 242 710 12 34,, Üçgen Cd.  07500 Belek/Antalya  Turkey +90 242 710 00 00 
Ducale Lara,Antalya,Lara Turizm Yolu, 07110 Lara, Antalya,, Turkey,,+90 242 352 35 00,, Üçgen Cd.  07500 Belek/Antalya  Turkey +90 242 710 12 34 
PORTO BELLO,Antalya,Konyaalti Sahil Seridi, 07070 Konyaalti, Antalya,, Turkey,,+90 242 259 24 00,, 07110 Lara  Antalya  Turkey +90 242 352 35 00 
Rixos Downtown,Antalya,Sakip Sabanci Bulv., 07100 Antalya, Turkey,,+90 242 310 40 00,,,, 07070 Konyaalti  Antalya  Turkey +90 242 259 24 00 
Limak Lara,Antalya,Lara Turizm Yolu, 07110 Lara, Antalya,, Turkey,,+90 242 352 95 00,, 07100 Antalya  Turkey +90 242 310 40 00  
Liu Resort,Antalya,Kizilagac Turizm Merkezi, 07600 Manavgat/Antalya, Turkey,,+90 242 737 77 00,,,, 07110 Lara  Antalya  Turkey +90 242 352 95 00 
MOVENPICK RESORT,Kemer,Göynük Mahallesi, Başkomutan Atatürk Cd., 07994 Kemer/Antalya,, Turkey,,+90 242 824 88 00,, 07600 Manavgat/Antalya  Turkey +90 242 737 77 00  
PAPILLON BELVIL HOTEL,Antalya,Kizilagac Turizm Merkezi, 07600 Manavgat/Antalya, Turkey,,+90 242 737 84 84,,,, Başkomutan Atatürk Cd.  07994 Kemer/Antalya  Turkey +90 242 824 88 00 
Venezia Palace Deluxe Resort,Aksu,Güzeloba Mah., Yasemin Sok. No:25, 07230 Aksu/Antalya,, Turkey,,+90 242 310 24 00,, 07600 Manavgat/Antalya  Turkey +90 242 737 84 84  
Sunrise Queen Resort,Antalya,Kizilagac Turizm Merkezi, 07600 Manavgat/Antalya, Turkey,,+90 242 737 90 90,,,, Yasemin Sok. No:25  07230 Aksu/Antalya  Turkey +90 242 310 24 00 
Aska Lara Resort,Antalya,Lara Turizm Yolu, 07110 Lara, Antalya,, Turkey,,+90 242 352 15 15,, 07600 Manavgat/Antalya  Turkey +90 242 737 90 90  
NIRVANA Cosmopolitan,Antalya,Kizilagac Turizm Merkezi, 07600 Manavgat/Antalya, Turkey,,+90 242 737 77 77,,,, 07110 Lara  Antalya  Turkey +90 242 352 15 15 
XANADU RESORT HOTEL,Antalya,Kizilagac Turizm Merkezi, 07600 Manavgat/Antalya, Turkey,,+90 242 748 70 00,,,, 07600 Manavgat/Antalya  Turkey +90 242 737 77 77  
MIRACLE RESORT,Antalya,Kizilagac Turizm Merkezi, 07600 Manavgat/Antalya, Turkey,,+90 242 737 92 00,,,, 07600 Manavgat/Antalya  Turkey +90 242 748 70 00  
SUSESI LUXURY BELEK,Antalya,Kadriye Mahallesi, Üçgen Cd., 07500 Belek/Antalya,, Turkey,,+90 242 710 15 00,, 07600 Manavgat/Antalya  Turkey +90 242 737 92 00  
TUI MAGIC LIFE BELEK,Antalya,Kadriye Mahallesi, Üçgen Cd., 07500 Belek/Antalya,, Turkey,,+90 242 710 10 00,, Üçgen Cd.  07500 Belek/Antalya  Turkey +90 242 710 15 00 
SWANDOR HOTELS RESORTS TOPKAPI PALACE,Antalya,Kizilagac Turizm Merkezi, 07600 Manavgat/Antalya, Turkey,,+90 242 737 70 00,,,, Üçgen Cd.  07500 Belek/Antalya  Turkey +90 242 710 10 00 
Sueno Deluxe Belek,Antalya,Kadriye Mahallesi, Üçgen Cd., 07500 Belek/Antalya,, Turkey,,+90 242 710 00 00,, 07600 Manavgat/Antalya  Turkey +90 242 737 70 00  
TRENDY LARA,Antalya,Lara Turizm Yolu, 07110 Lara, Antalya,, Turkey,,+90 242 352 12 34,, Üçgen Cd.  07500 Belek/Antalya  Turkey +90 242 710 00 00 
TITANIC DELUXE BELEK,Antalya,Kadriye Mahallesi, Üçgen Cd., 07500 Belek/Antalya,, Turkey,,+90 242 710 07 07,, 07110 Lara  Antalya  Turkey +90 242 352 12 34 
Selectum Luxury Resort,Antalya,Kizilagac Turizm Merkezi, 07600 Manavgat/Antalya, Turkey,,+90 242 737 80 80,,,, Üçgen Cd.  07500 Belek/Antalya  Turkey +90 242 710 07 07 
Granada Luxury Okurcalar,Alanya,Okurcalar Mahallesi, 07415 Alanya/Antalya, Turkey,,+90 242 527 45 45,,,, 07600 Manavgat/Antalya  Turkey +90 242 737 80 80  
Asteria Kremlin Palace,Aksu,Lara Turizm Yolu, 07110 Aksu/Antalya, Turkey,,+90 242 310 30 30,,,, 07415 Alanya/Antalya  Turkey +90 242 527 45 45  
CONCORDE DELUXE LARA,Antalya,Lara Turizm Yolu, 07110 Lara, Antalya,, Turkey,,+90 242 352 19 19,, 07110 Aksu/Antalya  Turkey +90 242 310 30 30  
IC Hotels Green Palace,Antalya,Kemeragzi Mevkii, 07110 Aksu/Antalya, Turkey,,+90 242 310 24 00,,,, 07110 Lara  Antalya  Turkey +90 242 352 19 19 
Titanic DELUXE LARA,Antalya,Lara Turizm Yolu, 07110 Lara, Antalya,, Turkey,,+90 242 352 10 00,, 07110 Aksu/Antalya  Turkey +90 242 310 24 00  
Rixos Beldibi,Kemer,Beldibi Mahallesi, 07985 Kemer/Antalya, Turkey,,+90 242 824 74 00,,,, 07110 Lara  Antalya  Turkey +90 242 352 10 00 
Kirman Belazure,Antalya,Kizilagac Turizm Merkezi, 07600 Manavgat/Antalya, Turkey,,+90 242 737 77 77,,,, 07985 Kemer/Antalya  Turkey +90 242 824 74 00  
ROYAL SEGINUS,Antalya,Kizilagac Turizm Merkezi, 07600 Manavgat/Antalya, Turkey,,+90 242 737 73 73,,,, 07600 Manavgat/Antalya  Turkey +90 242 737 77 77  
Granada Luxury Belek,Antalya,Kadriye Mahallesi, Üçgen Cd., 07500 Belek/Antalya,, Turkey,,+90 242 710 12 34,, 07600 Manavgat/Antalya  Turkey +90 242 737 73 73  
Rixos Park Belek,Antalya,Kadriye Mahallesi, Üçgen Cd., 07500 Belek/Antalya,, Turkey,,+90 242 710 07 00,, Üçgen Cd.  07500 Belek/Antalya  Turkey +90 242 710 12 34 
Titanic Mardan Palace,Antalya,Kizilagac Turizm Merkezi, 07600 Manavgat/Antalya, Turkey,,+90 242 737 88 88,,,, Üçgen Cd.  07500 Belek/Antalya  Turkey +90 242 710 07 00 
RIXOS SUNGATE,Antalya,Göynük Mahallesi, Başkomutan Atatürk Cd., 07994 Kemer/Antalya,, Turkey,,+90 242 824 78 00,, 07600 Manavgat/Antalya  Turkey +90 242 737 88 88  
Cornelia Diamond Resort,Antalya,Kadriye Mahallesi, Üçgen Cd., 07500 Belek/Antalya,, Turkey,,+90 242 710 15 00,, Başkomutan Atatürk Cd.  07994 Kemer/Antalya  Turkey +90 242 824 78 00 
MYLOME LUXURY RESORT,Alanya,Okurcalar Mahallesi, 07415 Alanya/Antalya, Turkey,,+90 242 527 47 47,,,, Üçgen Cd.  07500 Belek/Antalya  Turkey +90 242 710 15 00 
KAYA PALAZZO GOLF,Antalya,Kadriye Mahallesi, Üçgen Cd., 07500 Belek/Antalya,, Turkey,,+90 242 710 00 00,, 07415 Alanya/Antalya  Turkey +90 242 527 47 47  
Lara Barut,Antalya,Lara Turizm Yolu, 07110 Lara, Antalya,, Turkey,,+90 242 352 20 00,, Üçgen Cd.  07500 Belek/Antalya  Turkey +90 242 710 00 00 
KAMELYA COLLECTION,Antalya,Kizilagac Turizm Merkezi, 07600 Manavgat/Antalya, Turkey,,+90 242 737 70 70,,,, 07110 Lara  Antalya  Turkey +90 242 352 20 00 
DELPHIN IMPERIAL,Antalya,Kizilagac Turizm Merkezi, 07600 Manavgat/Antalya, Turkey,,+90 242 737 91 91,,,, 07600 Manavgat/Antalya  Turkey +90 242 737 70 70  
DELPHIN BE GRAN,Antalya,Kizilagac Turizm Merkezi, 07600 Manavgat/Antalya, Turkey,,+90 242 737 92 92,,,, 07600 Manavgat/Antalya  Turkey +90 242 737 91 91  
CALISTA LUXURY BELEK,Antalya,Kadriye Mahallesi, Üçgen Cd., 07500 Belek/Antalya,, Turkey,,+90 242 710 15 00,, 07600 Manavgat/Antalya  Turkey +90 242 737 92 92  
Cullinan Belek,Antalya,Kadriye Mahallesi, Üçgen Cd., 07500 Belek/Antalya,, Turkey,,+90 242 710 12 34,, Üçgen Cd.  07500 Belek/Antalya  Turkey +90 242 710 15 00 
RIXOS PREMIUM,Antalya,Kizilagac Turizm Merkezi, 07600 Manavgat/Antalya, Turkey,,+90 242 737 77 77,,,, Üçgen Cd.  07500 Belek/Antalya  Turkey +90 242 710 12 34 
THE LAND OF LEGENDS,Antalya,Kadriye Mahallesi, Üçgen Cd., 07500 Belek/Antalya,, Turkey,,+90 242 717 00 00,, 07600 Manavgat/Antalya  Turkey +90 242 737 77 77  
MAX ROYAL BELEK GOLF,Antalya,Kadriye Mahallesi, Üçgen Cd., 07500 Belek/Antalya,, Turkey,,+90 242 710 00 00,, Üçgen Cd.  07500 Belek/Antalya  Turkey +90 242 717 00 00 
Regnum Carya Golf & Spa,Antalya,Kadriye Mahallesi, Üçgen Cd., 07500 Belek/Antalya,, Turkey,,+90 242 710 07 00,, Üçgen Cd.  07500 Belek/Antalya  Turkey +90 242 710 00 00 
Maxx Royal Kemer Resort,Kemer,Göynük Mahallesi, Başkomutan Atatürk Cd., 07994 Kemer/Antalya,, Turkey,,+90 242 815 30 00,, Üçgen Cd.  07500 Belek/Antalya  Turkey +90 242 710 07 00 
NG Phaselis Bay-Kemer,Kemer,Göynük Mahallesi, Başkomutan Atatürk Cd., 07994 Kemer/Antalya,, Turkey,,+90 242 824 75 00,, Başkomutan Atatürk Cd.  07994 Kemer/Antalya  Turkey +90 242 815 30 00 
Labranda Mares Marmaris,Marmaris,Siteler Mahallesi, 83. Sokak, 48700 Marmaris/Muğla,, Turkey,,+90 252 417 40 50,, Başkomutan Atatürk Cd.  07994 Kemer/Antalya  Turkey +90 242 824 75 00 
Tui Blue Grand Azur Marmaris,Marmaris,Siteler Mahallesi, 209. Sokak, 48700 Marmaris/Muğla,, Turkey,,+90 252 417 41 00,, 83. Sokak  48700 Marmaris/Muğla  Turkey +90 252 417 40 50 
Marmaris Bay Resort By Mp Hotels,Marmaris,Siteler Mahallesi, 236. Sokak, 48700 Marmaris/Muğla,, Turkey,,+90 252 417 42 00,, 209. Sokak  48700 Marmaris/Muğla  Turkey +90 252 417 41 00 
Blue Bay Platinum Hotel Marmaris,Marmaris,Siteler Mahallesi, 55. Sokak, 48700 Marmaris/Muğla,, Turkey,,+90 252 417 43 00,, 236. Sokak  48700 Marmaris/Muğla  Turkey +90 252 417 42 00 
Grand Yazici Marmaris Palace,Marmaris,Adaköy Mahallesi, 48700 Marmaris/Muğla, Turkey,,+90 252 455 55 00,,,, 55. Sokak  48700 Marmaris/Muğla  Turkey +90 252 417 43 00 
Green Nature Resort & Spa Marmaris,Marmaris,Sirinyer Mahallesi, 128. Sokak, 48700 Marmaris/Muğla,, Turkey,,+90 252 417 44 00,, 48700 Marmaris/Muğla  Turkey +90 252 455 55 00  
Green Nature Diamond Hotel Marmaris,Marmaris,Sirinyer Mahallesi, 138. Sokak, 48700 Marmaris/Muğla,, Turkey,,+90 252 417 45 00,, 128. Sokak  48700 Marmaris/Muğla  Turkey +90 252 417 44 00 
Turunc Resort Hotel Marmaris,Marmaris,Turunç Mahallesi, 48740 Marmaris/Muğla, Turkey,,+90 252 476 70 00,,,, 138. Sokak  48700 Marmaris/Muğla  Turkey +90 252 417 45 00 
Prime Beach Hotel Marmaris,Marmaris,Siteler Mahallesi, 45. Sokak, 48700 Marmaris/Muğla,, Turkey,,+90 252 417 46 00,, 48740 Marmaris/Muğla  Turkey +90 252 476 70 00  
Elegance Hotels International Marmaris,Marmaris,Siteler Mahallesi, 64. Sokak, 48700 Marmaris/Muğla,, Turkey,,+90 252 417 47 00,, 45. Sokak  48700 Marmaris/Muğla  Turkey +90 252 417 46 00 
Orka Lotus Beach Marmaris,Marmaris,Siteler Mahallesi, 58. Sokak, 48700 Marmaris/Muğla,, Turkey,,+90 252 417 48 00,, 64. Sokak  48700 Marmaris/Muğla  Turkey +90 252 417 47 00 
Fortezza Beach Resort Marmaris,Marmaris,Siteler Mahallesi, 118. Sokak, 48700 Marmaris/Muğla,, Turkey,,+90 252 417 49 00,, 58. Sokak  48700 Marmaris/Muğla  Turkey +90 252 417 48 00 
Casa De Maris Spa & Resort Hotel Marmaris,Marmaris,Hatipirimi Mahallesi, 135. Sokak, 48700 Marmaris/Muğla,, Turkey,,+90 252 455 55 55,, 118. Sokak  48700 Marmaris/Muğla  Turkey +90 252 417 49 00 
Turunc Premium Hotel Marmaris,Marmaris,Turunç Mahallesi, 48740 Marmaris/Muğla, Turkey,,+90 252 476 71 00,,,, 135. Sokak  48700 Marmaris/Muğla  Turkey +90 252 455 55 55 
Marti Resort Hotel Marmaris,Marmaris,Icmeler Mahallesi, 48720 Marmaris/Muğla, Turkey,,+90 252 455 30 00,,,, 48740 Marmaris/Muğla  Turkey +90 252 476 71 00  
Golden Rock Beach Hotel Marmaris,Marmaris,Siteler Mahallesi, 86. Sokak, 48700 Marmaris/Muğla,, Turkey,,+90 252 417 50 00,, 48720 Marmaris/Muğla  Turkey +90 252 455 30 00  
Grand Pasa Hotel Marmaris,Marmaris,Sirinyer Mahallesi, 100. Sokak, 48700 Marmaris/Muğla,, Turkey,,+90 252 417 51 00,, 86. Sokak  48700 Marmaris/Muğla  Turkey +90 252 417 50 00 
Cook's Club Adakoy Marmaris,Marmaris,Adaköy Mahallesi, 48700 Marmaris/Muğla, Turkey,,+90 252 455 56 00,,,, 100. Sokak  48700 Marmaris/Muğla  Turkey +90 252 417 51 00 
Voxx Marmaris Beach Hotel - Adult Only,Marmaris,Siteler Mahallesi, 68. Sokak, 48700 Marmaris/Muğla,, Turkey,,+90 252 417 52 00,, 48700 Marmaris/Muğla  Turkey +90 252 455 56 00  
Elizya Boutique Otel Marmaris,Marmaris,Siteler Mahallesi, 46. Sokak, 48700 Marmaris/Muğla,, Turkey,,+90 252 417 53 00,, 68. Sokak  48700 Marmaris/Muğla  Turkey +90 252 417 52 00 
Faros Premium Beach - Adults Only Marmaris,Marmaris,Siteler Mahallesi, 54. Sokak, 48700 Marmaris/Muğla,, Turkey,,+90 252 417 54 00,, 46. Sokak  48700 Marmaris/Muğla  Turkey +90 252 417 53 00 
Marti Hemithea Marmaris,Marmaris,Icmeler Mahallesi, 48720 Marmaris/Muğla, Turkey,,+90 252 455 31 00,,,, 54. Sokak  48700 Marmaris/Muğla  Turkey +90 252 417 54 00 
Perios Beach House - Adults Only Marmaris,Marmaris,Siteler Mahallesi, 72. Sokak, 48700 Marmaris/Muğla,, Turkey,,+90 252 417 55 00,, 48720 Marmaris/Muğla  Turkey +90 252 455 31 00  
Boho Garden Selimiye Marmaris,Marmaris,Selimiye Mahallesi, 48700 Marmaris/Muğla, Turkey,,+90 252 446 60 00,,,, 72. Sokak  48700 Marmaris/Muğla  Turkey +90 252 417 55 00 
Hotel Aqua - All Inclusive Marmaris,Marmaris,Siteler Mahallesi, 65. Sokak, 48700 Marmaris/Muğla,, Turkey,,+90 252 417 56 00,, 48700 Marmaris/Muğla  Turkey +90 252 446 60 00  
Base Selimiye Marmaris,Marmaris,Selimiye Mahallesi, 48700 Marmaris/Muğla, Turkey,,+90 252 446 61 00,,,, 65. Sokak  48700 Marmaris/Muğla  Turkey +90 252 417 56 00 
D Maris Bay Marmaris,Marmaris,Datça Yolu Üzeri, 48700 Marmaris/Muğla, Turkey,,+90 252 999 09 00,,,, 48700 Marmaris/Muğla  Turkey +90 252 446 61 00  
Club Tuana Fethiye,Fethiye,Yaniklar Köyü, 48300 Fethiye/Muğla, Turkey,,+90 252 614 15 15,,,, 48700 Marmaris/Muğla  Turkey +90 252 999 09 00  
Garcia Resort & Spa Fethiye,Fethiye,Ölüdeniz Mahallesi, 48300 Fethiye/Muğla, Turkey,,+90 252 617 00 00,,,, 48300 Fethiye/Muğla  Turkey +90 252 614 15 15  
Orka Sunlife Resort Hotel And Aquapark Fethiye,Fethiye,Ovacik Mahallesi, 48300 Fethiye/Muğla, Turkey,,+90 252 616 70 00,,,, 48300 Fethiye/Muğla  Turkey +90 252 617 00 00  
Ece Saray Marina & Resort - Special Class Fethiye,Fethiye,Karagözler Mah., Fevzi Çakmak Cd., 48300 Fethiye/Muğla,, Turkey,,+90 252 612 50 00,, 48300 Fethiye/Muğla  Turkey +90 252 616 70 00  
Lighthouse Natalia Aparts Fethiye,Fethiye,Ölüdeniz Mahallesi, 48300 Fethiye/Muğla, Turkey,,+90 252 617 01 01,,,, Fevzi Çakmak Cd.  48300 Fethiye/Muğla  Turkey +90 252 612 50 00 
Club Prive By Rixos Gocek Fethiye,Fethiye,Göcek Mahallesi, 48310 Fethiye/Muğla, Turkey,,+90 252 645 45 45,,,, 48300 Fethiye/Muğla  Turkey +90 252 617 01 01  
Rixos Premium Göcek Adult Only Fethiye,Fethiye,Göcek Mahallesi, 48310 Fethiye/Muğla, Turkey,,+90 252 645 44 44,,,, 48310 Fethiye/Muğla  Turkey +90 252 645 45 45  
Green Forest Holiday Village Fethiye,Fethiye,Ovacik Mahallesi, 48300 Fethiye/Muğla, Turkey,,+90 252 616 62 62,,,, 48310 Fethiye/Muğla  Turkey +90 252 645 44 44  
Club & Hotel Letoonia Fethiye,Fethiye,Ölüdeniz Mahallesi, 48300 Fethiye/Muğla, Turkey,,+90 252 617 02 02,,,, 48300 Fethiye/Muğla  Turkey +90 252 616 62 62  
Mimoza Hotel Fethiye,Fethiye,Çalis Plaji, 48300 Fethiye/Muğla, Turkey,,+90 252 613 03 03,,,, 48300 Fethiye/Muğla  Turkey +90 252 617 02 02  
Yasam Park Residence Fethiye,Fethiye,Çalis Plaji, 48300 Fethiye/Muğla, Turkey,,+90 252 613 04 04,,,, 48300 Fethiye/Muğla  Turkey +90 252 613 03 03  
Highclere Hotel And Spa (Adults Only) Fethiye,Fethiye,Ovacik Mahallesi, 48300 Fethiye/Muğla, Turkey,,+90 252 616 63 63,,,, 48300 Fethiye/Muğla  Turkey +90 252 613 04 04  
Fullmoon Camping Fethiye,Fethiye,Kabak Koyu, 48300 Fethiye/Muğla, Turkey,,+90 252 617 05 05,,,, 48300 Fethiye/Muğla  Turkey +90 252 616 63 63  
Salonika Suites Fethiye,Fethiye,Çalis Plaji, 48300 Fethiye/Muğla, Turkey,,+90 252 613 06 06,,,, 48300 Fethiye/Muğla  Turkey +90 252 617 05 05  
Iksirci Baba Hotel Fethiye,Fethiye,Ölüdeniz Mahallesi, 48300 Fethiye/Muğla, Turkey,,+90 252 617 06 06,,,, 48300 Fethiye/Muğla  Turkey +90 252 613 06 06  
Lov Faralya (+16 Adults Only) Fethiye,Fethiye,Faralya Köyü, 48300 Fethiye/Muğla, Turkey,,+90 252 642 12 34,,,, 48300 Fethiye/Muğla  Turkey +90 252 617 06 06  
Liberty Lykia Fethiye,Fethiye,Ölüdeniz Mahallesi, 48300 Fethiye/Muğla, Turkey,,+90 252 617 07 07,,,, 48300 Fethiye/Muğla  Turkey +90 252 642 12 34  
D Resort Gocek Fethiye,Fethiye,Göcek Mahallesi, 48310 Fethiye/Muğla, Turkey,,+90 252 645 25 25,,,, 48300 Fethiye/Muğla  Turkey +90 252 617 07 07  
Kayavillas Exclusive Fethiye,Fethiye,Ölüdeniz Mahallesi, 48300 Fethiye/Muğla, Turkey,,+90 252 617 08 08,,,, 48310 Fethiye/Muğla  Turkey +90 252 645 25 25  
Hzd Hostel Fethiye,Fethiye,Çalis Plaji, 48300 Fethiye/Muğla, Turkey,,+90 252 613 09 09,,,, 48300 Fethiye/Muğla  Turkey +90 252 617 08 08  
Jiva Beach Resort Fethiye,Fethiye,Yaniklar Köyü, 48300 Fethiye/Muğla, Turkey,,+90 252 614 18 18,,,, 48300 Fethiye/Muğla  Turkey +90 252 613 09 09  
Xanadu Island Hotel Bodrum,Bodrum,Cennet Koyu, 48400 Bodrum/Muğla, Turkey,,+90 252 311 03 03,,,, 48300 Fethiye/Muğla  Turkey +90 252 614 18 18  
Azure By Yelken Hotel Bodrum,Bodrum,Yalıkavak Mah., 48990 Bodrum/Muğla, Turkey,,+90 252 385 28 28,,,, 48400 Bodrum/Muğla  Turkey +90 252 311 03 03  
Baia Bodrum Hotel Bodrum,Bodrum,Kızılağaç Mah., 48400 Bodrum/Muğla, Turkey,,+90 252 311 12 34,,,, 48990 Bodrum/Muğla  Turkey +90 252 385 28 28  
The Plaza Bodrum (Ex. Be Premium Bodrum),Bodrum,Adnan Menderes Cd., 48400 Bodrum/Muğla, Turkey,,+90 252 313 00 00,,,, 48400 Bodrum/Muğla  Turkey +90 252 311 12 34  
My Ella Resort & Spa Bodrum,Bodrum,Yalıkavak Mah., 48990 Bodrum/Muğla, Turkey,,+90 252 385 25 25,,,, 48400 Bodrum/Muğla  Turkey +90 252 313 00 00  
Green Bay Resort & Spa Bodrum,Bodrum,Göltürkbükü Mah., 48400 Bodrum/Muğla, Turkey,,+90 252 377 62 62,,,, 48990 Bodrum/Muğla  Turkey +90 252 385 25 25  
Salmakis Resort & Spa Bodrum,Bodrum,Torba Mah., 48400 Bodrum/Muğla, Turkey,,+90 252 367 18 00,,,, 48400 Bodrum/Muğla  Turkey +90 252 377 62 62  
Kadikale Resort Bodrum,Bodrum,Kadıkalesi Mevkii, 48990 Bodrum/Muğla, Turkey,,+90 252 382 22 22,,,, 48400 Bodrum/Muğla  Turkey +90 252 367 18 00  
Mirada Exclusive Bodrum Bodrum,Bodrum,Göltürkbükü Mah., 48400 Bodrum/Muğla, Turkey,,+90 252 311 13 13,,,, 48990 Bodrum/Muğla  Turkey +90 252 382 22 22  
Arin Resort Bodrum Bodrum,Bodrum,Yalıkavak Mah., 48990 Bodrum/Muğla, Turkey,,+90 252 385 26 26,,,, 48400 Bodrum/Muğla  Turkey +90 252 311 13 13  
Bodrum Park Resort Hotel Bodrum,Bodrum,Adnan Menderes Cd., 48400 Bodrum/Muğla, Turkey,,+90 252 313 14 14,,,, 48990 Bodrum/Muğla  Turkey +90 252 385 26 26  
Armonia Holiday Village & Spa Bodrum,Bodrum,Güvercinlik Mah., 48400 Bodrum/Muğla, Turkey,,+90 252 319 00 00,,,, 48400 Bodrum/Muğla  Turkey +90 252 313 14 14  
Yasmin Bodrum Resort Bodrum,Bodrum,Yalıkavak Mah., 48990 Bodrum/Muğla, Turkey,,+90 252 385 27 27,,,, 48400 Bodrum/Muğla  Turkey +90 252 319 00 00  
Vogue Hotel Supreme Bodrum Bodrum,Bodrum,Kızılağaç Mah., 48400 Bodrum/Muğla, Turkey,,+90 252 311 15 15,,,, 48990 Bodrum/Muğla  Turkey +90 252 385 27 27  
Royal Asarlik Beach Hotel & Spa Bodrum,Bodrum,Adnan Menderes Cd., 48400 Bodrum/Muğla, Turkey,,+90 252 313 16 16,,,, 48400 Bodrum/Muğla  Turkey +90 252 311 15 15  
Blue Dreams Resort Bodrum,Bodrum,Torba Mah., 48400 Bodrum/Muğla, Turkey,,+90 252 367 19 19,,,, 48400 Bodrum/Muğla  Turkey +90 252 313 16 16  
Tui Magic Life Bodrum Bodrum,Bodrum,Göltürkbükü Mah., 48400 Bodrum/Muğla, Turkey,,+90 252 311 17 17,,,, 48400 Bodrum/Muğla  Turkey +90 252 367 19 19  
Titanic Luxury Collection Bodrum Bodrum,Bodrum,Kızılağaç Mah., 48400 Bodrum/Muğla, Turkey,,+90 252 311 18 18,,,, 48400 Bodrum/Muğla  Turkey +90 252 311 17 17  
Kaya Palazzo Resort & Residences Le Chic Bodrum Bodrum,Bodrum,Yalıkavak Mah., 48990 Bodrum/Muğla, Turkey,,+90 252 385 29 29,,,, 48400 Bodrum/Muğla  Turkey +90 252 311 18 18  
Ramada Resort By Wyndham Bodrum Bodrum,Bodrum,Adnan Menderes Cd., 48400 Bodrum/Muğla, Turkey,,+90 252 313 20 20,,,, 48990 Bodrum/Muğla  Turkey +90 252 385 29 29  
Prive Hotel Bodrum ( Ex. Voyage Bodrum ) Bodrum,Bodrum,Torba Mah., 48400 Bodrum/Muğla, Turkey,,+90 252 367 20 20,,,, 48400 Bodrum/Muğla  Turkey +90 252 313 20 20  
Rixos Premium Bodrum Bodrum,Bodrum,Yalıkavak Mah., 48990 Bodrum/Muğla, Turkey,,+90 252 385 30 30,,,, 48400 Bodrum/Muğla  Turkey +90 252 367 20 20  
Bodrium Hotel & Spa Bodrum,Bodrum,Göltürkbükü Mah., 48400 Bodrum/Muğla, Turkey,,+90 252 311 22 22,,,, 48990 Bodrum/Muğla  Turkey +90 252 385 30 30  
Kefaluka Resort Bodrum,Bodrum,Akyarlar Mah., 48960 Bodrum/Muğla, Turkey,,+90 252 393 80 00,,,, 48400 Bodrum/Muğla  Turkey +90 252 311 22 22  
La Blanche Resort & Spa Bodrum,Bodrum,Torba Mah., 48400 Bodrum/Muğla, Turkey,,+90 252 367 21 21,,,, 48960 Bodrum/Muğla  Turkey +90 252 393 80 00  
Very Chic Hotel - Adult Only Bodrum,Bodrum,Yalıkavak Mah., 48990 Bodrum/Muğla, Turkey,,+90 252 385 31 31,,,, 48400 Bodrum/Muğla  Turkey +90 252 367 21 21  
Doria Hotel Bodrum Bodrum,Bodrum,Adnan Menderes Cd., 48400 Bodrum/Muğla, Turkey,,+90 252 313 23 23,,,, 48990 Bodrum/Muğla  Turkey +90 252 385 31 31  
Hillstone Bodrum Hotel & Spa Bodrum,Bodrum,Yalıkavak Mah., 48990 Bodrum/Muğla, Turkey,,+90 252 385 32 32,,,, 48400 Bodrum/Muğla  Turkey +90 252 313 23 23  
Labranda Tmt Bodrum Bodrum,Bodrum,Torba Mah., 48400 Bodrum/Muğla, Turkey,,+90 252 367 22 22,,,, 48990 Bodrum/Muğla  Turkey +90 252 385 32 32  
The Marmara Bodrum - Adult Only Bodrum,Bodrum,Sarnıç Cd., 48400 Bodrum/Muğla, Turkey,,+90 252 311 25 25,,,, 48400 Bodrum/Muğla  Turkey +90 252 367 22 22  
Diamond Of Bodrum Bodrum,Bodrum,Göltürkbükü Mah., 48400 Bodrum/Muğla, Turkey,,+90 252 311 26 26,,,, 48400 Bodrum/Muğla  Turkey +90 252 311 25 25  
Selectum Colours Bodrum Bodrum,Bodrum,Yalıkavak Mah., 48990 Bodrum/Muğla, Turkey,,+90 252 385 33 33,,,, 48400 Bodrum/Muğla  Turkey +90 252 311 26 26  
Sianji Well-Being Resort Bodrum,Bodrum,Göltürkbükü Mah., 48400 Bodrum/Muğla, Turkey,,+90 252 311 27 27,,,, 48990 Bodrum/Muğla  Turkey +90 252 385 33 33  
Duja Bodrum Bodrum,Bodrum,Yalıkavak Mah., 48990 Bodrum/Muğla, Turkey,,+90 252 385 34 34,,,, 48400 Bodrum/Muğla  Turkey +90 252 311 27 27  
Senses Hotel Bodrum,Bodrum,Adnan Menderes Cd., 48400 Bodrum/Muğla, Turkey,,+90 252 313 28 28,,,, 48990 Bodrum/Muğla  Turkey +90 252 385 34 34  
Selectum Collection Bodrum Bodrum,Bodrum,Yalıkavak Mah., 48990 Bodrum/Muğla, Turkey,,+90 252 385 35 35,,,, 48400 Bodrum/Muğla  Turkey +90 252 313 28 28  
Azka Hotel Bodrum,Bodrum,Torba Mah., 48400 Bodrum/Muğla, Turkey,,+90 252 367 23 23,,,, 48990 Bodrum/Muğla  Turkey +90 252 385 35 35  
Kempinski Hotel Barbaros Bay Bodrum,Bodrum,Kızılburun Mevkii, 48400 Bodrum/Muğla, Turkey,,+90 252 311 03 00,,,, 48400 Bodrum/Muğla  Turkey +90 252 367 23 23  
Allium Bodrum Resort & Spa Bodrum,Bodrum,Göltürkbükü Mah., 48400 Bodrum/Muğla, Turkey,,+90 252 311 29 29,,,, 48400 Bodrum/Muğla  Turkey +90 252 311 03 00  
Le Meridien Bodrum Beach Resort Bodrum,Bodrum,Zeki Müren Cd., 48400 Bodrum/Muğla, Turkey,,+90 252 313 30 30,,,, 48400 Bodrum/Muğla  Turkey +90 252 311 29 29  
Lujo Hotel Bodrum Bodrum,Bodrum,Yalıkavak Mah., 48990 Bodrum/Muğla, Turkey,,+90 252 385 36 36,,,, 48400 Bodrum/Muğla  Turkey +90 252 313 30 30  
Mivara Luxury Bodrum Bodrum,Bodrum,Göltürkbükü Mah., 48400 Bodrum/Muğla, Turkey,,+90 252 311 31 31,,,, 48990 Bodrum/Muğla  Turkey +90 252 385 36 36  
Samara Hotel Bodrum,Bodrum,Adnan Menderes Cd., 48400 Bodrum/Muğla, Turkey,,+90 252 313 32 32,,,, 48400 Bodrum/Muğla  Turkey +90 252 311 31 31  
Delta Hotels By Marriott Bodrum Bodrum,Bodrum,Yalıkavak Mah., 48990 Bodrum/Muğla, Turkey,,+90 252 385 37 37,,,, 48400 Bodrum/Muğla  Turkey +90 252 313 32 32  
Radisson Collection Hotel Bodrum Bodrum,Bodrum,Yalıkavak Mah., 48990 Bodrum/Muğla, Turkey,,+90 252 385 38 38,,,, 48990 Bodrum/Muğla  Turkey +90 252 385 37 37  
Swissotel Resort Bodrum Beach Bodrum,Bodrum,Adnan Menderes Cd., 48400 Bodrum/Muğla, Turkey,,+90 252 313 33 33,,,, 48990 Bodrum/Muğla  Turkey +90 252 385 38 38  
Avantgarde Hotel Yalıkavak - Boutique Class Bodrum,Bodrum,Yalıkavak Mah., 48990 Bodrum/Muğla, Turkey,,+90 252 385 39 39,,,, 48400 Bodrum/Muğla  Turkey +90 252 313 33 33  
Mandarin Oriental, Bodrum Bodrum,Bodrum,Cennet Koyu, 48400 Bodrum/Muğla,, Turkey,,+90 252 311 18 88,, 48990 Bodrum/Muğla  Turkey +90 252 385 39 39  
Mare Deluxe Residence Bodrum,Bodrum,Yalıkavak Mah., 48990 Bodrum/Muğla, Turkey,,+90 252 385 40 40,,,,Cennet Koyu  48400 Bodrum/Muğla  Turkey +90 252 311 18 88 
Kuum Hotel & Spa Bodrum,Bodrum,Göltürkbükü Mah., 48400 Bodrum/Muğla, Turkey,,+90 252 311 34 34,,,, 48990 Bodrum/Muğla  Turkey +90 252 385 40 40  
Voyage Torba Bodrum,Bodrum,Torba Mah., 48400 Bodrum/Muğla, Turkey,,+90 252 367 24 24,,,, 48400 Bodrum/Muğla  Turkey +90 252 311 34 34  
Palmalife Bodrum Resort & Spa Bodrum,Bodrum,Yalıkavak Mah., 48990 Bodrum/Muğla, Turkey,,+90 252 385 41 41,,,, 48400 Bodrum/Muğla  Turkey +90 252 367 24 24  
Casa Nonna Bodrum Bodrum,Bodrum,Göltürkbükü Mah., 48400 Bodrum/Muğla, Turkey,,+90 252 311 35 35,,,, 48990 Bodrum/Muğla  Turkey +90 252 385 41 41  
Doubletree By Hilton Bodrum Isil Club Resort Bodrum,Bodrum,Adnan Menderes Cd., 48400 Bodrum/Muğla, Turkey,,+90 252 313 36 36,,,, 48400 Bodrum/Muğla  Turkey +90 252 311 35 35  
Root Redrock Yalikavak Bodrum,Bodrum,Yalıkavak Mah., 48990 Bodrum/Muğla, Turkey,,+90 252 385 42 42,,,, 48400 Bodrum/Muğla  Turkey +90 252 313 36 36  
Lvzz Hotel - Boutique Class- City Center Bodrum,Bodrum,Asmalimescit Mah. Mesrutiyet Cad. No:91, 34430 Bodrum/Muğla, Turkey,,+90 252 316 40 00,,,, 48990 Bodrum/Muğla  Turkey +90 252 385 42 42  
Caresse, A Luxury Collection Resort & Spa, Bodrum Bodrum,Bodrum,Hacıahmetler Mevkii,, 48400 Bodrum/Muğla,, Turkey,+90 252 311 37 37, 34430 Bodrum/Muğla  Turkey +90 252 316 40 00  
Root Redrock Yalikavak Bodrum,Bodrum,Yalıkavak Mah., 48990 Bodrum/Muğla, Turkey,,+90 252 385 43 43,,,,Bodrum Hacıahmetler Mevkii  48400 Bodrum/Muğla  Turkey +90 252 311 37 37
Hilton Bodrum Turkbuku Resort & Spa Bodrum,Bodrum,Göltürkbükü Mah., 48400 Bodrum/Muğla, Turkey,,+90 252 311 38 38,,,, 48990 Bodrum/Muğla  Turkey +90 252 385 43 43  
Sirene Luxury Hotel Bodrum Bodrum,Bodrum,Yalıkavak Mah., 48990 Bodrum/Muğla, Turkey,,+90 252 385 44 44,,,, 48400 Bodrum/Muğla  Turkey +90 252 311 38 38  
Aravi Hotel,Dubai,Al Barsha, Dubai, UAE,,+971 4 399 0000,,,, 48990 Bodrum/Muğla  Turkey +90 252 385 44 44  
Grand Excelsior Hotel,Dubai,Al Rigga Road, Deira, Dubai,, UAE,,+971 4 223 3000,, Dubai  UAE +971 4 399 0000  
Ramada Plaza,Dubai,Al Barsha 1, Dubai, UAE,,+971 4 341 9777,,,, Deira  Dubai  UAE +971 4 223 3000 
Queen Elizabeth 2,Dubai,Port Rashid, Dubai, UAE,,+971 4 526 8888,,,, Dubai  UAE +971 4 341 9777  
Courtyard Culture Village,Dubai,Al Jaddaf, Dubai, UAE,,+971 4 702 0000,,,, Dubai  UAE +971 4 526 8888  
Md Hotel By Gewan,Dubai,Al Barsha, Dubai, UAE,,+971 4 321 0000,,,, Dubai  UAE +971 4 702 0000  
Vintage Grand Hotel,Dubai,Al Rigga Road, Deira, Dubai,, UAE,,+971 4 229 9911,, Dubai  UAE +971 4 321 0000  
Premier Inn Dubai Barsha Heights,Dubai,Barsha Heights (Tecom), Dubai, UAE,,+971 4 430 7444,,,, Deira  Dubai  UAE +971 4 229 9911 
Moscow Hotel,Dubai,Al Rigga Road, Deira, Dubai,, UAE,,+971 4 223 5000,, Dubai  UAE +971 4 430 7444  
Marco Polo Hotel,Dubai,Al Muteena Street, Deira, Dubai,, UAE,,+971 4 272 4433,, Deira  Dubai  UAE +971 4 223 5000 
Abjad Grand Hotel,Dubai,Al Barsha, Dubai, UAE,,+971 4 321 1111,,,, Deira  Dubai  UAE +971 4 272 4433 
Coral Dubai,Dubai,Al Muraqqabat Street, Deira, Dubai,, UAE,,+971 4 272 8866,, Dubai  UAE +971 4 321 1111  
Roda Amwaj Suites,Dubai,Jumeirah Beach Road, Dubai, UAE,,+971 4 316 6666,,,, Deira  Dubai  UAE +971 4 272 8866 
Avani Deira Dubai,Dubai,Al Mateena Street, Deira, Dubai,, UAE,,+971 4 337 9888,, Dubai  UAE +971 4 316 6666  
Carlton Downtown,Dubai,Sheikh Zayed Road, Dubai, UAE,,+971 4 356 0000,,,, Deira  Dubai  UAE +971 4 337 9888 
Avani Ibn Batuta,Dubai,Ibn Battuta Gate, Dubai, UAE,,+971 4 444 0000,,,, Dubai  UAE +971 4 356 0000  
Park Regis Business Bay Hotel,Dubai,Business Bay, Dubai, UAE,,+971 4 275 0000,,,, Dubai  UAE +971 4 444 0000  
Novotel Dubai Al Barsha,Dubai,Al Barsha, Dubai, UAE,,+971 4 304 9000,,,, Dubai  UAE +971 4 275 0000  
Elite Byblos Hotel,Dubai,Al Barsha, Dubai, UAE,,+971 4 301 0000,,,, Dubai  UAE +971 4 304 9000  
Carlton Palace,Dubai,Al Maktoum Road, Deira, Dubai,, UAE,,+971 4 295 0000,, Dubai  UAE +971 4 301 0000  
Millennium Al Barsha,Dubai,Al Barsha, Dubai, UAE,,+971 4 387 3300,,,, Deira  Dubai  UAE +971 4 295 0000 
Rove Dubai Marina,Dubai,Dubai Marina, Dubai, UAE,,+971 4 399 9111,,,, Dubai  UAE +971 4 387 3300  
Mercure Dubai Barsha Heights,Dubai,Barsha Heights, Dubai, UAE,,+971 4 377 7000,,,, Dubai  UAE +971 4 399 9111  
Millennium Central,Dubai,Al Barsha, Dubai, UAE,,+971 4 387 3100,,,, Dubai  UAE +971 4 377 7000  
Flora Creek Deluxe Hotel Apartments,Dubai,Baniyas Road, Deira, Dubai,, UAE,,+971 4 228 8888,, Dubai  UAE +971 4 387 3100  
Rove Downtown Dubai,Dubai,Burj Khalifa District, Dubai, UAE,,+971 4 558 0000,,,, Deira  Dubai  UAE +971 4 228 8888 
Crowne Plaza Dubai,Dubai,Sheikh Zayed Road, Dubai, UAE,,+971 4 331 1111,,,, Dubai  UAE +971 4 558 0000  
Four Points By Sheraton,Dubai,Sheikh Zayed Road, Dubai, UAE,,+971 4 323 0333,,,, Dubai  UAE +971 4 331 1111  
Holiday Inn Dubai Festival City,Dubai,Dubai Festival City, Dubai, UAE,,+971 4 607 0000,,,, Dubai  UAE +971 4 323 0333  
Jumeria Rotana,Dubai,Sheikh Zayed Road, Dubai, UAE,,+971 4 343 0000,,,, Dubai  UAE +971 4 607 0000  
Atana Hotel,Dubai,Al Nahda, Dubai, UAE,,+971 4 282 9999,,,, Dubai  UAE +971 4 343 0000  
Mövenpick Jumeirah Lakes Towers,Dubai,Jumeirah Lakes Towers, Dubai, UAE,,+971 4 444 0111,,,, Dubai  UAE +971 4 282 9999  
Rose Rayhaan By Rotana,Dubai,Sheikh Zayed Road, Dubai, UAE,,+971 4 312 5555,,,, Dubai  UAE +971 4 444 0111  
Aloft Palm Jumeirah,Dubai,Palm Jumeirah, Dubai, UAE,,+971 4 247 7700,,,, Dubai  UAE +971 4 312 5555  
Two Seasons Hotel,Dubai,Al Barsha, Dubai, UAE,,+971 4 301 6666,,,, Dubai  UAE +971 4 247 7700  
Premier Inn Ibn Battuta,Dubai,Ibn Battuta Gate, Dubai, UAE,,+971 4 444 1000,,,, Dubai  UAE +971 4 301 6666  
Flora Al Barsha Mall Of Emirates,Dubai,Al Barsha, Dubai, UAE,,+971 4 399 9000,,,, Dubai  UAE +971 4 444 1000  
C Central Resort The Palm,Dubai,Palm Jumeirah, Dubai, UAE,,+971 4 247 7733,,,, Dubai  UAE +971 4 399 9000  
Towers Rotana,Dubai,Sheikh Zayed Road, Dubai, UAE,,+971 4 343 9000,,,, Dubai  UAE +971 4 247 7733  
Voco Bonnington Dubai,Dubai,Al Barsha, Dubai, UAE,,+971 4 399 9911,,,, Dubai  UAE +971 4 343 9000  
Avani Palm View,Dubai,Palm Jumeirah, Dubai, UAE,,+971 4 524 0000,,,, Dubai  UAE +971 4 399 9911  
Intercontinental Residence Suites,Dubai,Dubai Festival City, Dubai, UAE,,+971 4 701 2222,,,, Dubai  UAE +971 4 524 0000  
Sheraton Grand Hotel,Dubai,Sheikh Zayed Road, Dubai, UAE,,+971 4 349 9111,,,, Dubai  UAE +971 4 701 2222  
Ramee Dream Hotel Downtown,Dubai,Al Rigga Road, Deira, Dubai,, UAE,,+971 4 250 0000,, Dubai  UAE +971 4 349 9111  
The H Dubai,Dubai,Sheikh Zayed Road, Dubai, UAE,,+971 4 501 8888,,,, Deira  Dubai  UAE +971 4 250 0000 
Gevora Hotel or Voco,Dubai,Al Rigga Road, Deira, Dubai,, UAE,,+971 4 269 1111,, Dubai  UAE +971 4 501 8888  
Pullman Dubai Lakes Towers,Dubai,Jumeirah Lakes Towers, Dubai, UAE,,+971 4 561 9999,,,, Deira  Dubai  UAE +971 4 269 1111 
Oaks Ibn Battuta Gate Dubai,Dubai,Ibn Battuta Gate, Dubai, UAE,,+971 4 444 2000,,,, Dubai  UAE +971 4 561 9999  
Millennium Place Marina,Dubai,Dubai Marina, Dubai, UAE,,+971 4 450 6000,,,, Dubai  UAE +971 4 444 2000  
Dukes The Palm,Dubai,Palm Jumeirah, Dubai, UAE,,+971 4 451 1111,,,, Dubai  UAE +971 4 450 6000  
Radisson Blu Waterfront,Dubai,Dubai Marina, Dubai, UAE,,+971 4 366 9111,,,, Dubai  UAE +971 4 451 1111  
Shangri-la Hotel Dubai,Dubai,Sheikh Zayed Road, Dubai, UAE,,+971 4 343 8888,,,, Dubai  UAE +971 4 366 9111  
Media Rotana,Dubai,Media City, Dubai, UAE,,+971 4 435 0000,,,, Dubai  UAE +971 4 343 8888  
Al Bandar Arjaan by Rotana,Dubai,Dubai Creek, Dubai, UAE,,+971 4 509 0000,,,, Dubai  UAE +971 4 435 0000  
Sofitel Dubai The Obelisk,Dubai,Business Bay, Dubai, UAE,,+971 4 248 8800,,,, Dubai  UAE +971 4 509 0000  
Burjuman Arjaan By Rotana,Dubai,Bur Dubai, Dubai, UAE,,+971 4 352 9999,,,, Dubai  UAE +971 4 248 8800  
Gulf Court Business Bay,Dubai,Business Bay, Dubai, UAE,,+971 4 308 0000,,,, Dubai  UAE +971 4 352 9999  
Grand Millennium Dubai,Dubai,Sheikh Zayed Road, Dubai, UAE,,+971 4 429 9999,,,, Dubai  UAE +971 4 308 0000  
Hilton Dubai Creek,Dubai,Baniyas Road, Deira, Dubai,, UAE,,+971 4 227 1111,, Dubai  UAE +971 4 429 9999  
Jannah Marina Bay Suites,Dubai,Dubai Marina, Dubai, UAE,,+971 4 814 0000,,,, Deira  Dubai  UAE +971 4 227 1111 
Hotel Indigo Dubai Downtown,Dubai,Sheikh Mohammed Bin Rashid Blvd, Dubai, UAE,,+971 4 513 6666,,,, Dubai  UAE +971 4 814 0000  
The Tower Plaza Hotel,Dubai,Sheikh Zayed Road, Dubai, UAE,,+971 4 343 0000,,,, Dubai  UAE +971 4 513 6666  
Swissotel Al Murooj Dubai,Dubai,Sheikh Zayed Road, Dubai, UAE,,+971 4 387 0011,,,, Dubai  UAE +971 4 343 0000  
Dusit Thani,Dubai,Sheikh Zayed Road, Dubai, UAE,,+971 4 343 3333,,,, Dubai  UAE +971 4 387 0011  
25hours Hotel One Central,Dubai,Trade Centre Area, Dubai, UAE,,+971 4 525 0000,,,, Dubai  UAE +971 4 343 3333  
Radisson Blu Hotel,Dubai,Dubai Marina, Dubai, UAE,,+971 4 399 3333,,,, Dubai  UAE +971 4 525 0000  
The Meydan Hotel,Dubai,Al Meydan Road, Nad Al Sheba, Dubai,, UAE,,+971 4 381 3111,, Dubai  UAE +971 4 399 3333  
Sofitel Dubai Downtown,Dubai,Sheikh Mohammed Bin Rashid Blvd, Dubai, UAE,,+971 4 508 8888,,,, Nad Al Sheba  Dubai  UAE +971 4 381 3111 
Jw Marriott Marquis,Dubai,Sheikh Zayed Road, Dubai, UAE,,+971 4 414 0000,,,, Dubai  UAE +971 4 508 8888  
Intercontinental Festival,Dubai,Dubai Festival City, Dubai, UAE,,+971 4 701 1111,,,, Dubai  UAE +971 4 414 0000  
Taj Jumeirah Lakes Towers,Dubai,Jumeirah Lakes Towers, Dubai, UAE,,+971 4 422 8111,,,, Dubai  UAE +971 4 701 1111  
Courtyard By Marriott,Dubai,Al Garhoud, Dubai, UAE,,+971 4 702 7888,,,, Dubai  UAE +971 4 422 8111  
Grand Cosmopolitan Hotel,Dubai,Al Barsha, Dubai, UAE,,+971 4 321 9000,,,, Dubai  UAE +971 4 702 7888  
Fairmont,Dubai,Sheikh Zayed Road, Dubai, UAE,,+971 4 332 55 55,,,, Dubai  UAE +971 4 321 9000  
Kempinski Mall Of Emirates,Dubai,Sheikh Zayed Road, Dubai, UAE,,+971 4 341 0000,,,, Dubai  UAE +971 4 332 55 55  
Renaissance Downtown,Dubai,Sheikh Mohammed Bin Rashid Blvd, Dubai, UAE,,+971 4 512 5555,,,, Dubai  UAE +971 4 341 0000  
The Radisson Blu Residence,Dubai,Dubai Marina, Dubai, UAE,,+971 4 366 9111,,,, Dubai  UAE +971 4 512 5555  
Paramount Hotel Midtown,Dubai,Al Mustaqbal Street, Dubai, UAE,,+971 4 420 0000,,,, Dubai  UAE +971 4 366 9111  
Sofitel Dubai Jumeirah,Dubai,Jumeirah Beach Road, Dubai, UAE,,+971 4 448 4848,,,, Dubai  UAE +971 4 420 0000  
Lapita, Dubai Parks,Dubai,Dubai Parks and Resorts, Dubai,, UAE,,+971 4 275 1234,, Dubai  UAE +971 4 448 4848  
Jumeirah Creekside Hotel,Dubai,Dubai Creek, Dubai, UAE,,+971 4 515 7777,,,,Dubai Parks and Resorts  Dubai  UAE +971 4 275 1234 
The Palm Managed By Accor,Dubai,Palm Jumeirah, Dubai, UAE,,+971 4 455 9988,,,, Dubai  UAE +971 4 515 7777  
Stella Di Mare Dubai Marina,Dubai,Dubai Marina, Dubai, UAE,,+971 4 453 0444,,,, Dubai  UAE +971 4 455 9988  
Fairmont The Palm,Dubai,Palm Jumeirah, Dubai, UAE,,+971 4 457 3388,,,, Dubai  UAE +971 4 453 0444  
Pullman Dubai Downtown,Dubai,Sheikh Mohammed Bin Rashid Blvd, Dubai, UAE,,+971 4 306 9999,,,, Dubai  UAE +971 4 457 3388  
Habtoor Palace, & Resorts,Dubai,Al Habtoor City, Dubai,, UAE,,+971 4 435 5555,, Dubai  UAE +971 4 306 9999  
Andaz Dubai The Palm,Dubai,Palm Jumeirah, Dubai, UAE,,+971 4 583 8888,,,,Al Habtoor City  Dubai  UAE +971 4 435 5555 
Palace Downtown,Dubai,Mohammed Bin Rashid Blvd, Dubai, UAE,,+971 4 428 7888,,,, Dubai  UAE +971 4 583 8888  
The Retreat Palm MGallery,Dubai,Palm Jumeirah, Dubai, UAE,,+971 4 524 7777,,,, Dubai  UAE +971 4 428 7888  
CONRAD,Dubai,Sheikh Zayed Road, Dubai, UAE,,+971 4 444 7444,,,, Dubai  UAE +971 4 524 7777  
Wyndham Residences The Palm,Dubai,Palm Jumeirah, Dubai, UAE,,+971 4 514 0000,,,, Dubai  UAE +971 4 444 7444  
Sls Dubai Hotel & Residences,Dubai,Dubai Marina, Dubai, UAE,,+971 4 558 0777,,,, Dubai  UAE +971 4 514 0000  
Hyde Hotel Dubai,Dubai,Al Habtoor City, Dubai, UAE,,+971 4 399 2233,,,, Dubai  UAE +971 4 558 0777  
Address Dubai Marina,Dubai,Dubai Marina, Dubai, UAE,,+971 4 436 7777,,,, Dubai  UAE +971 4 399 2233  
Sofitel Dubai The Palm,Dubai,Palm Jumeirah, Dubai, UAE,,+971 4 455 6677,,,, Dubai  UAE +971 4 436 7777  
Jumeirah Zabeel Saray,Dubai,Palm Jumeirah, Dubai, UAE,,+971 4 453 0000,,,, Dubai  UAE +971 4 455 6677  
Anantara The Palm Resort,Dubai,Palm Jumeirah, Dubai, UAE,,+971 4 567 8888,,,, Dubai  UAE +971 4 453 0000  
Damac Maison Distinction,Dubai,Dubai Marina, Dubai, UAE,,+971 4 450 7733,,,, Dubai  UAE +971 4 567 8888  
Rixos Premium Dubai,Dubai,Dubai Marina, Dubai, UAE,,+971 4 520 0000,,,, Dubai  UAE +971 4 450 7733  
The Ritz-Carlton,Dubai,Al Mamsha Street, JBR, Dubai,, UAE,,+971 4 399 4000,, Dubai  UAE +971 4 520 0000  
Address Montgomerie,Dubai,The Montgomerie, Emirates Hills, Dubai,, UAE,,+971 4 390 5667,, JBR  Dubai  UAE +971 4 399 4000 
Pullman Dubai Jumeirah,Dubai,Jumeirah Beach Road, Dubai, UAE,,+971 4 316 6600,,,, Emirates Hills  Dubai  UAE +971 4 390 5667 
Ja Palm Tree Court,Dubai,Palm Jumeirah, Dubai, UAE,,+971 4 455 9999,,,, Dubai  UAE +971 4 316 6600  
Palazzo Versace Dubai,Dubai,Jaddaf Waterfront, Dubai, UAE,,+971 4 556 8888,,,, Dubai  UAE +971 4 455 9999  
Taj Exotica Resort & Spa,Dubai,Palm Jumeirah, Dubai, UAE,,+971 4 275 9999,,,, Dubai  UAE +971 4 556 8888  
Address Dubai Mall,Dubai,Mohammed Bin Rashid Blvd, Downtown Dubai, UAE,,+971 4 888 3444,,,, Dubai  UAE +971 4 275 9999  
Address Boulevard,Dubai,Mohammed Bin Rashid Blvd, Downtown Dubai, UAE,,+971 4 888 3444,,,, Downtown Dubai  UAE +971 4 888 3444  
Address Sky View,Dubai,Sheikh Mohammed Bin Rashid Blvd, Downtown Dubai, UAE,,+971 4 423 3333,,,, Downtown Dubai  UAE +971 4 888 3444  
Address Downtown,Dubai,Mohammed Bin Rashid Blvd, Downtown Dubai, UAE,,+971 4 888 3444,,,, Downtown Dubai  UAE +971 4 423 3333  
Atlantis The Palm,Dubai,Palm Jumeirah, Dubai, UAE,,+971 4 426 0000,,,, Downtown Dubai  UAE +971 4 888 3444  
Jumeirah Beach Hotel,Dubai,Jumeirah Beach Road, Dubai, UAE,,+971 4 348 0000,,,, Dubai  UAE +971 4 426 0000  
Kempinski,Dubai,Sheikh Zayed Road, Dubai, UAE,,+971 4 341 0000,,,, Dubai  UAE +971 4 348 0000  
Waldorf Astoria Palm Jumeirah,Dubai,Palm Jumeirah, Dubai, UAE,,+971 4 818 2222,,,, Dubai  UAE +971 4 341 0000  
Rixos The Palm,Dubai,Palm Jumeirah, Dubai, UAE,,+971 4 457 5555,,,, Dubai  UAE +971 4 818 2222  
Armani Hotel Dubai,Dubai,Burj Khalifa, Downtown Dubai, UAE,,+971 4 888 3444,,,, Dubai  UAE +971 4 457 5555  
Address Beach Resort,Dubai,The Walk, JBR, Dubai,, UAE,,+971 4 879 9222,, Downtown Dubai  UAE +971 4 888 3444  
Al Naseem Jumeirah,Dubai,Madinat Jumeirah, Dubai, UAE,,+971 4 366 8888,,,, JBR  Dubai  UAE +971 4 879 9222 
Bvlgari Resort Dubai,Dubai,Jumeirah Bay Island, Dubai, UAE,,+971 4 347 6666,,,, Dubai  UAE +971 4 366 8888  
,,,,,,,,,, Dubai  UAE +971 4 347 6666  
,,,,,,,,,,
,,,,,,,,,,
,,,,,,,,,,
,,,,,,,,,,
,,,,,,,,,,
,,,,,,,,,,
,,,,,,,,,,
,,,,,,,,,,
,,,,,,,,,,
,,,,,,,,,,
,,,,,,,,,,
,,,,,,,,,,
,,,,,,,,,,
,,,,,,,,,,
,,,,,,,,,,
,,,,,,,,,,
,,,,,,,,,,
,,,,,,,,,,
,,,,,,,,,,
,,,,,,,,,,
,,,,,,,,,,
,,,,,,,,,,
,,,,,,,,,,
,,,,,,,,,,
,,,,,,,,,,
,,,,,,,,,,
,,,,,,,,,,
,,,,,,,,,,
,,,,,,,,,,
,,,,,,,,,,
,,,,,,,,,,
,,,,,,,,,,
,,,,,,,,,,
,,,,,,,,,,
,,,,,,,,,,
,,,,,,,,,,
,,,,,,,,,,
,,,,,,,,,,
,,,,,,,,,,
,,,,,,,,,,
,,,,,,,,,,
,,,,,,,,,,
,,,,,,,,,,
,,,,,,,,,,
,,,,,,,,,,
,,,,,,,,,,
,,,,,,,,,,
,,,,,,,,,,
,,,,,,,,,,
,,,,,,,,,,
,,,,,,,,,,
,,,,,,,,,,
,,,,,,,,,,
,,,,,,,,,,
,,,,,,,,,,
,,,,,,,,,,
,,,,,,,,,,
,,,,,,,,,,
,,,,,,,,,,
,,,,,,,,,,
,,,,,,,,,,
,,,,,,,,,,
,,,,,,,,,,
,,,,,,,,,,
,,,,,,,,,,
,,,,,,,,,,
,,,,,,,,,,
,,,,,,,,,,
,,,,,,,,,,
,,,,,,,,,,
,,,,,,,,,,
,,,,,,,,,,
,,,,,,,,,,
,,,,,,,,,,
,,,,,,,,,,
,,,,,,,,,,
,,,,,,,,,,
,,,,,,,,,,
,,,,,,,,,,
,,,,,,,,,,
,,,,,,,,,,
,,,,,,,,,,
,,,,,,,,,,
,,,,,,,,,,
,,,,,,,,,,
,,,,,,,,,,
,,,,,,,,,,
,,,,,,,,,,
,,,,,,,,,,
,,,,,,,,,,
,,,,,,,,,,
,,,,,,,,,,
,,,,,,,,,,
,,,,,,,,,,
,,,,,,,,,,
,,,,,,,,,,
,,,,,,,,,,
,,,,,,,,,,
,,,,,,,,,,
,,,,,,,,,,
,,,,,,,,,,
,,,,,,,,,,
,,,,,,,,,,
,,,,,,,,,,
,,,,,,,,,,
,,,,,,,,,,
,,,,,,,,,,
,,,,,,,,,,
,,,,,,,,,,
,,,,,,,,,,
,,,,,,,,,,
,,,,,,,,,,
,,,,,,,,,,
,,,,,,,,,,
,,,,,,,,,,
,,,,,,,,,,
,,,,,,,,,,
,,,,,,,,,,
,,,,,,,,,,
,,,,,,,,,,
,,,,,,,,,,
,,,,,,,,,,
,,,,,,,,,,
,,,,,,,,,,
,,,,,,,,,,
,,,,,,,,,,
,,,,,,,,,,
,,,,,,,,,,
,,,,,,,,,,
,,,,,,,,,,
,,,,,,,,,,
,,,,,,,,,,
,,,,,,,,,,
,,,,,,,,,,
,,,,,,,,,,
,,,,,,,,,,
,,,,,,,,,,
,,,,,,,,,,
,,,,,,,,,,
,,,,,,,,,,
,,,,,,,,,,
,,,,,,,,,,
,,,,,,,,,,
,,,,,,,,,,
,,,,,,,,,,
,,,,,,,,,,
,,,,,,,,,,
,,,,,,,,,,
,,,,,,,,,,
,,,,,,,,,,
,,,,,,,,,,
,,,,,,,,,,
,,,,,,,,,,
,,,,,,,,,,
,,,,,,,,,,
,,,,,,,,,,
,,,,,,,,,,
,,,,,,,,,,
,,,,,,,,,,
,,,,,,,,,,
,,,,,,,,,,
,,,,,,,,,,
,,,,,,,,,,
,,,,,,,,,,
,,,,,,,,,,
,,,,,,,,,,
,,,,,,,,,,
,,,,,,,,,,
,,,,,,,,,,
,,,,,,,,,,
,,,,,,,,,,
,,,,,,,,,,
,,,,,,,,,,
,,,,,,,,,,
,,,,,,,,,,
,,,,,,,,,,
,,,,,,,,,,
,,,,,,,,,,
